{"cameraMode":{"drawMode":0,"name":"Shaded","section":"Shading Mode"},"sceneLighting":true,"audioPlay":false,"sceneViewState":{"showFog":true,"showMaterialUpdate":false,"showSkybox":true,"showFlares":true,"showImageEffects":true,"showParticleSystems":true},"in2DMode":false,"pivot":{"x":717.056640625,"y":21.195354461669923,"z":295.643310546875},"rotation":{"x":0.16082026064395905,"y":0.0769413411617279,"z":-0.01273645181208849,"w":0.9840439558029175},"size":184.6640167236328,"orthographic":true}