{"cameraMode":{"drawMode":0,"name":"Shaded","section":"Shading Mode"},"sceneLighting":false,"audioPlay":false,"sceneViewState":{"showFog":true,"showMaterialUpdate":false,"showSkybox":false,"showFlares":true,"showImageEffects":true,"showParticleSystems":true},"in2DMode":false,"pivot":{"x":225.827880859375,"y":32.80038070678711,"z":170.2695770263672},"rotation":{"x":0.3019236922264099,"y":0.30311018228530886,"z":-0.10189937055110932,"w":0.8981043100357056},"size":51.33332824707031,"orthographic":false}