{"cameraMode":{"drawMode":0,"name":"Shaded","section":"Shading Mode"},"sceneLighting":false,"audioPlay":false,"sceneViewState":{"showFog":true,"showMaterialUpdate":false,"showSkybox":false,"showFlares":true,"showImageEffects":true,"showParticleSystems":true},"in2DMode":false,"pivot":{"x":205.52992248535157,"y":32.79999542236328,"z":118.709716796875},"rotation":{"x":0.2221955507993698,"y":0.4508415460586548,"z":-0.11695007979869843,"w":0.8565621376037598},"size":8.062943458557129,"orthographic":false}