{"cameraMode":{"drawMode":0,"name":"Shaded","section":"Shading Mode"},"sceneLighting":false,"audioPlay":false,"sceneViewState":{"showFog":true,"showMaterialUpdate":false,"showSkybox":false,"showFlares":true,"showImageEffects":true,"showParticleSystems":true},"in2DMode":false,"pivot":{"x":205.9580535888672,"y":32.15497970581055,"z":117.45259857177735},"rotation":{"x":0.2221955507993698,"y":0.4508415460586548,"z":-0.11695007979869843,"w":0.8565621376037598},"size":9.988683700561524,"orthographic":false}