{"cameraMode":{"drawMode":0,"name":"Shaded","section":"Shading Mode"},"sceneLighting":false,"audioPlay":false,"sceneViewState":{"showFog":true,"showMaterialUpdate":false,"showSkybox":false,"showFlares":true,"showImageEffects":true,"showParticleSystems":true},"in2DMode":false,"pivot":{"x":209.79766845703126,"y":23.5737361907959,"z":115.29248809814453},"rotation":{"x":0.3019236922264099,"y":0.30311018228530886,"z":-0.10189937055110932,"w":0.8981043100357056},"size":13.399942398071289,"orthographic":false}