{"cameraMode":{"drawMode":0,"name":"Shaded","section":"Shading Mode"},"sceneLighting":false,"audioPlay":false,"sceneViewState":{"showFog":true,"showMaterialUpdate":false,"showSkybox":false,"showFlares":true,"showImageEffects":true,"showParticleSystems":true},"in2DMode":false,"pivot":{"x":-1.8973044157028199,"y":3.1842007637023927,"z":6.311450481414795},"rotation":{"x":0.3019236922264099,"y":0.30311018228530886,"z":-0.10189937055110932,"w":0.8981043100357056},"size":6.541611194610596,"orthographic":false}