{"cameraMode":{"drawMode":0,"name":"Shaded","section":"Shading Mode"},"sceneLighting":true,"audioPlay":false,"sceneViewState":{"showFog":true,"showMaterialUpdate":false,"showSkybox":true,"showFlares":true,"showImageEffects":true,"showParticleSystems":true},"in2DMode":false,"pivot":{"x":231.2303924560547,"y":13.34874153137207,"z":118.55917358398438},"rotation":{"x":0.3019236922264099,"y":0.30311018228530886,"z":-0.10189937055110932,"w":0.8981043100357056},"size":35.63642120361328,"orthographic":false}