{"cameraMode":{"drawMode":0,"name":"Shaded","section":"Shading Mode"},"sceneLighting":false,"audioPlay":false,"sceneViewState":{"showFog":true,"showMaterialUpdate":false,"showSkybox":false,"showFlares":true,"showImageEffects":true,"showParticleSystems":true},"in2DMode":false,"pivot":{"x":-2.1352109909057619,"y":2.5229458808898927,"z":4.030734062194824},"rotation":{"x":0.3019236922264099,"y":0.30311018228530886,"z":-0.10189937055110932,"w":0.8981043100357056},"size":4.862395286560059,"orthographic":false}